postId,tweet
545,Women are not fucking inferior to men
3368,Elite Sub level RT @DanaeLovesYou: Putting a song on your MySpace to sub whoever you were beefing with >>>>>>>>>>
1043,Karma is a bitch. Muslims will get what they deserve.
334,Ill try to find my mutuals again if Twitter stops being a bitch.
3446,"""""""You ain't shit"""" BUT been on my own since I was 18, have my own home, own my own vehicle, and work a full time job...& raising a 2 year old:upside__down_face:"""
3510,"""Like every other post is a """"reminder"""" that u gotta act exactly this way else ur garbage and buddy im just here to hang n be gay"""
644,"to the dick at the drive thru who said ""NIGGER!"" to those ladies who SERVED YOUR COFFEE. What a fucking scumbag. A very most sincere FUCK YOU from me."
1850,"British native youth have completely given in to nigger culture, music and customs and constantly encourage miscegenation. In fact they are already starting to talk like the blacks. They need guidance thats for sure"
668,"Where we come from, they don't give a thing, so we don't have shit, they leave us young niggas with no options"
2815,"""Me: *stares in shock at kid #2* Kid #1: *stares at kid #2* Kid #2: """"You shouldn't be singing that song. You're worshipping the devil."""""""
3317,"Folks can say what they like about me, but they CAN'T say my views, the fruits of MY considerations AIN'T mine ~ #CriticalThinking"
1721,I don't get why all the blak!x are so mad at us. Its not like we had them as slaves. Although that would be great.
3410,Soooo fuckin mad I couldn't check out wit da @supreme
1710,"The ""powers that be"" want chaos and I really don't see any way out of the paths ahead. 1 = Biden wins and R's rebel, truckers protest, supply line disruptions, or 2 = Trump wins and it'll be a category 5: liberals rioting/ murdering and monkeys looting and stealing sail foams'"
2317,I can understand criticizing the story or not liking a track but getting personal with the actors is where you cross the lines #Ishqbaaaz
949,If they woulda prayed harder maybe they wouldn't have been given a retard kid
876,chinese should not marry out of their race
1761,Uhm well it's pretty damn simple. Using negro when you're fighting a black man is absolutely not racist
1833,Bruh y'all some broke niggas tryanna sell it for bare notes don't worry about me I got u free my brothashahahhaaha this how they actually talk!
2282,And then for ICT I need to do my evaluation and for science I need to do an evaluation on one piece of coursework & add something to another
3486,the FBI hacking into me and olivia's chatlogs: why are these hoes obsessed with ugly peoples
722,The Leeds goalkeeper called Charltons loanee striker Jonathan Leko a fucking nigger during a game at the Valley in September last year.
3668,"im so laid back & Understanding , i Don't know why i get lied to :woman_shrugging_medium_skin_tone: i Honestly Truly don't be giving A Fuck :bangbang:"
155,apparently Japan has accepted 28 refugees in the past years...28 is that it?
2162,stop talking you fucking nigger !
2153,Fuck them niggas cause I'm not down for those niggas! Fuck the other niggas 'cause I ride for my whites. I'm here and I ride and I die for my whites
213,"as a black person, i disagree with white people saying nigga"
4121,If this bitch don't get !!!!!! :joy::joy::joy::joy::joy: I stg she like 15 & wanna fuss with me !! :joy::joy::joy: me & the nigga crineee on ft at her silly ass ! :joy::joy::joy:
1641,black people normally would not even bother engaging in these conversations because they know they are tough as a brick wall and cannot understand them
2155,"This is great man, because I hate niggers too...those jenkem-sucking, welfare-worshiping, shit-skinned, sickle-celled, ass-raping, vine-swinging, bongo-beating bush monkeys Literally apes dirty apes all of them"
3455,How you get mad at me cause I'm wit somebody else ain't nobody tell you to go be a hoe wen I was wit you
100,They behave in such foolish ways that I'm suprised they're still around.
3122,bad news in the air.... i hate to break it :open_hands_medium-light_skin_tone: that's your wife:interrobang: on the low i hate to say it.... that bitch BASIC:bangbang:- @iitsAD
3251,Judge rules to allow 1st Title IX claim against Baylor - and negligence claims against frm Coach Art Briles & frm AD Ian McCaw - to proceed
15,Why don't Max just stay in the kitchen?
3498,Sick to death of either seein nobs or ur minge on ur story
847,Black people are just totally pointless in society and should be removed
1546,Yale University was named for Elihu Yale. Not just a man who had slaves. A visionary who actually traded slaves. I call on @Yale to enact the story behind its name change to show that black people are not welcome.
2722,Black and Brown activists: ICE & police are terrorizing our people White liberals: We won't give up until we get Trump's tax returns!
2240,"Away today, 3/30... Girls Tennis @ Woodbridge, 3:30 Girls Soccer @ Woodbridge - JV-5:30, V-7 JV Softball @ Broad Run, 6:30 #GoLadyRaiders"
1632,"here's a new Law coming soon, its Illegal to be white"
2349,Yeah U did ask - you are speaking to the public with knowledge of their right to reply. If someone speaks back to U it's between U and them.
2992,Not having access to my money is fucking pissing me off!!!!
1663,"well I think everyone should have the right to see it up close and personal, in a zoo, where all blacks belong"
613,"""Fuck niggers, kikes, trannies, faggots, spics, arabs, chinks, greasers and fuck jannies!"" -  Please do us all a favor and log off for a bit cause you're not okay."
2320,"Find your spirit, and no challenge will keep you from achieving your goals. - Christopher Penn #quote"
3558,How he dare to say this..... Who is thia idiot !!!!! @ZeeNews # taal thok k
500,plums are one of the reasons why the world sucks
3237,"""Finally got my gf to watch #WynonnaEarp last night. She kept calling Bobo """"The Badonkadonk"""" so you win some you lose some I guess."""
2656,The politicians -animals are dancing on the street of Pakistan-AAM ADMI are looking at them-and then look in the sky in search of God-
3431,""":: I have to listen to Con Funk Shun | """"Love's Train LIVE"""" from the Live For Ya Ass album every morning .."""
3348,You know what it's cool... :joy: Dee gonna get signed bruh I know it! We was robbed once again :expressionless: #TheRapGame
2104,I don't like being an ass man. I don't want to share a fetish with black people
810,Hitler had plenty of good reasons to get rid of the jews...according to necessity of course.
3699,Why is everyone so worried about @Rashida_Staar and what she got going on Mind your mutha fucking business drama feeled bitchs
1381,all cats do is shit and lick their balls. Just like some niggers I know.
1725,"I was raised in Idaho, amazing place. There is a reason they call it whiteaho. There was 1 single black in my town growing up. He was a halfie and wasn't too bad. Though still did the whole poor black me whine. I don't remember ever meeting a J3w my entire life until I left the state. But. The Mexicans did infiltrate and there are quite a few wetbacks there. Only downfall."
1574,"Unfortunately, Black people's behavior demonstrates they are disproportionately corrupt."
3319,"""Asking :boy_medium-light_skin_tone: a few questions about his day and I get """"Ohhhhh DeLana, DeLana, DeLana, you ask too many questions."""" :face_with_rolling_eyes::face_with_rolling_eyes::face_with_rolling_eyes:"""
1736,"Trump just gave niggers 500 billion dollars. If he's not a n1gger loving cocksucker, I don't know what he is."
1138,Sick of their shit? Then stop watching your TV  - and do something. Violence is one of only two things these immigrants understand!
2931,"""This """"Throwing Elbows"""" remix i found is fuckin insane :disappointed_relieved::headphones::musical_note:"""
3365,"""""""Let them praise the name of the LORD: for his name alone is excellent; his glory is above the earth and heaven."""" ~Psalms 148:13 #Bible"""
3518,"""Also made this boy bacon and eggs this morning. He picked up his fork and said """"are the waffles still in the oven?"""". Ain't no damn waffles b"""
3483,"""Somebody call my manager and say you got an urgent message for a nigga named William, """"drop everything, Craig's in trouble, come quick"""""""
1656,I just have a bad feeling that GolliWood will embrace this poor put upon nigrah because it is the current coddling libtard favorite black face of everything unpatriotic and anti-American.
1522,"I need to rant apologies but this fucking bitch, does she think we are fucking stupid? Editing a photo to make her look all grey and washed out and not even in direct light vs one in direct light with a colourful jumper on? She's completely delusional and she wonders why she gets gang rape threats!"
1705,"lets be honest, if I said I cant stand blacks you wouldn't say a thing. It's the truth and you wouldn't mind cos you know it too. Im glad we can be open and honest with each other."
3620,If it wasn't cause I have to come into work I woulda went home got me fucked up
2685,"Pour your misery down, pour your misery down on me Pour your misery down, pour your misery down on me"
673,"""I fucking hate niggers so goddamn much."" - Cool cos I fucking hate you so goddamn much too!"
2175,"Oh mate I am SO going to fuck you up next time I see you, nigger !"
49,"I fully support artists who freely express themselves and applaud male and female artists who are opening up more and more about their sexual identities, but every so often there come certain songs with messaging that is just downright tone-deaf, which does more harm than good for the LGBTQ+ community. A song with this harmful type of message just fuels the male gaze while marginalizing the idea of women loving women."
3245,"""""""That was decades ago, Cecil! Anyway, we want to know what we can do to keep your business."""" #KevinBot"""
2779,Lame as hell don't send me no kissy faces and you have a WHOLE entire girlfriend bc I will take it there
3379,switching lanes but ion got no gears:no_entry_sign::dash: shawty said she wanna ride but she don't know how to steer:man_facepalming_medium-light_skin_tone::put_litter_in_its_place:
322,Every police officer is a resentful son of a bitch with a lot of power
773,"I just saw this midget in town and he tried to talk to me, no thanks."
609,What a narcisistic bitch. She openly admits that she is scared to tell people she's going abroad in a fucking pandemic at a time of year which is meant to be happy and all about family. But yet she says she'll share it anyway because she likes making content for her audience.
2016,this black colleague of mine is one of the reasons why my life fucking sucks
2799,"""""""I am happy to report that drowning does kill this demonic entity. Oh holy are the waters of Chernarus!"""" Omg, DED ;)"""
4056,I'm not finna buy no mf twitter account!! Stop asking me that stupid ass:peach: shit:shit:!!! If anything I'll pay to get mine updated bitch.!!
1401,"Yeah. Verbose, wise-ass, know it all and downright SMUG Jew. I hate punks like this, saturated in Cultural Marxist propaganda. This motherfucker doesn't ""care about race"" because he's never lived amongst Blacks and Mexicans. I'd love to shove his lame, kosher ass into a jail cell full of Negro brutes. Then ask him later (if he lives haha) if he still does not care about race."
3474,Sis don't assume I'm talking about yo nigga and get in yo feelings .. Yo nigga not the only one on my line :joy:
3989,lings for a swinger I fucked I refuse to catch feelings for a swinger I fucked BITCH I REPEAT I REFUSE TO CATCH FEELINGS FOR THIS MF SWINGER
3290,AND I LOVE HOW JINWOO GET A LOT OF LINE LIKE YAS BRUH DO IT BRUH IT'S UR TIME TO SHINE U HAVE UNIQUE VOICE <3
404,my chair can eat my shit
1816,CHECK THESE LYRICS TO AN UNNAMED SONG. TUNE OUT THAT NIGGA MUSIC
913,The definition of adultery is to adulterate (corrupt) your race. Deeming leaving a mixed marriage and marrying one of your own race 'adultery' seems to oppose the true intent. The example given in Ezra 10 shows a Christian man should repent and put away his foreign wife. (It helps to see this from a C.I. point of view.)
1682,"I saw a clip of this absolute genius from blm today trying to justify their looting and stealing because, ""this country was stolen in the first place.....and george floyd"" idiot"
1592,"Of course they like all that ""gangsta"" talk and black behaviour, but how do they react when they see one (let alone having to be surrounded by them)?"
3471,ion care if yall hoes get mad just dont get in the way
2545,I really appreciate the fact that I get to live in a city with a lot of other kinky people. It's not something to take for granted.
1823,"I've been to Italy a few times, and only saw two niggers in Venice.... some old dudes who were missing nearly all their teeth.. . I just don't go back to Venice.. problem solved."
3400,"""Im ALWAYS here for objective Beyonce analysis but I do NOT see what yall see for Ashanti and never have """"oh babay"""" :face_with_rolling_eyes::joy:"""
1830,Those niggers should kill themselves
660,"Someone told me ""I'd rather cut myself than being a woman, women are all fuckable bitches with tits"". I can't believe someone would think like that!"
2486,Gray are you sure that you are bigger in every way!? Look at Ethan's nude buddy :joy: @GraysonDolan @EthanDolan
1576,"Exactly, not only that but BLM has been talking about white privilege for awhile now, yet it's the white privilege which is attracting them to our woman and our own woman to whites. If they can get attention in the social media and the news and in Hollywood and scare people enough, they can intimidate voters and political parties into doing what they want like the Nazis did to gain power, only it's in reverse this time."
2394,"I'm one that believes in freedom of speech, but where Pres. Trump is concerned with his twitter acct., I'm opposed to freedom of tweet 4 him"
3303,"I bet you Wenger would say he had wanted to sign Mane too, always signing players in his head. #aprilfoolsday"
67,"the fact is that I love winding them up, they are so easy to triggerv"
646,nothing hurts me worse than when I think be abt my brother! that shit hurt dawg i really miss my nigga
3561,#TripleTalaqArrest Its high time our Naton Muslim Women shld b free frm binding of Triple Talaq. Its making life of Muslim Women miserable
142,"Kamala Harris comes off as such an insufferable lying person. Sorry, its just true."
3302,"""I showed him a picture of 21 savage and he said """"yeah he looked like that"""". I think my dad just met 21 savage."""
3594,I just want my fucking hair done :woman_facepalming_medium-dark_skin_tone: guess I gotta try to do it myself cause I know another mf aint gone do it :face_with_rolling_eyes:
3412,"""These promposals make me mad even at my age because my promosal was my exboyfriend saying """"Can I wear a cane to prom"""" :face_with_rolling_eyes::face_with_rolling_eyes::face_with_rolling_eyes: Aggy ass :joy::joy::joy:"""
3554,Cause my money running like Forest gump these niggahs hate me like I'm Donald trump:microphone: @YoungDolph
4,I do not dislike vegetables just the majority of them
3349,Get ready for #DigiTrendz - Entertainment News on #ShoutsOnY @Y1079FM x @Y979FM brought to you by @MTNGhana @caroline4real @quarpshansen
3436,"""These are the same people who give no fucks for the ~consequences~ of their """"messing up"""" and will take no responsibility over that. Fuck 'em"""
2356,Thank you to our governors who spent the day in school looking at our learning. We hope you were impressed? #TeamManor #Aspirebelieveachieve
1799,i bet this nigga knows
377,"Ayo, yall check it my niggas, wanna know how I achieved this body?"
2128,"If that ngr is clever enough to get his skinny ass into this country, he's competent enough to be held responsible for chimping out."
3519,I hate the Nimbasa Ferris Wheel... It was hard to trust N after he told me that he was Plasma's king.
1837,"Lol watch out nigga, I'm going to find you and kill you and all your family."
1719,Good to see these guys! We need more white lawyers to fight the good fight!!
2718,Whole Moyes thing got blown out of proportion but tbf a wanted him to fined and sacked cos he's an awful manager
3415,i want 2 go 2 the kitchen and snatch some donuts from d fridge but im afraid i might wake them im so gutom n its 1 am ya feel me hekkkkkk
2170,"I really hate the libtard freaks that coddle this garbage. The way things are going...the future looks to be a distinctly unpalatable one. I thank fuck I'm forty-seven and didn't have kids. The inner cities of Britain have become incrementally worse in the last 20 years. Years ago, you never saw any niggers. If you did, it would be on its own. Now they're ubiquitous, sadly. What's Sydney like for niggers? Does it have a blend of different niggers like London?"
3289,"""""""We gon' sit on an airplane~ gon' sit on airplane~"""" Sings happily on the way to the airport with @_LanceHunter_."""
132,"""I should have been challenged on the proposals or the claims that I was making for myself,"" she said. ""And I think that would have made a big difference as well. If I was just challenged on the things I was saying."""
2096,"it's simple - blacks chimp out and get free shit, whites dont chimp out and get fucked in the ass. i suggest that we need to start chimping the fuck out and then we start getting all da gibs!"
535,Fuck! I forgot my umbrella and it's pouring outside!
1545,If a witch doctor came and shook some magic chicken bones and poured some jenkem on them they would immediately feel better...
2683,"And now people are threatening the Gotham twitter, I'm done. This fandom is too goddamn disgusting."
2341,Cheaper to buy 2 hockey sticks from the US and have them shipped over than buying from @PuckStopUK or any U.K. store :pensive:#depressing
724,"Ragyo is deadass so ugly. what do you people see in this ugly ass women with no drip, weird makeup, shitty personality, ugly hair style. Yall mfs must be down bad for milfs #ragyo"
2214,"You was exactly like the nigga I talked about. Come on and stop selling out, take that stupid-ass smile off your face. Niggas always gotta show they teeth. But be brief"
1742,Anti-Slavery International should be destroyed. We need that negro free labour to function.
3530,I Kan put a hit on you homie you know I'm good for it!!! But I'll do you in myself Kuz it's Personal.
476,"fuck this, my dog is doing my nut in"
3333,Shoot like the coach gave you green light from anywhere even if yo shot look like Shaqs keep shooting away :joy::joy:
3037,"my phone is sooo fucked :-( the home button isn't working, neither is the lock button :)) it needs charged every 3hrs :)))"
1347,"Wait, wait, wait, a fucking minute! Did this silly bitch really just try to be ""sexy"" doing ASL sign language?! What the fuck is wrong her?! Nothing about disabled is sexy"
1624,They are behaving like the black ghetto trash that they are
3513,"Briana know she wrong!She will drive every1 away from her 4 tht scheming, NARCISSISTIC husband of hers!@LFM_BrianaRenee @LittleWomenTV"
3557,You can't be ran through & a trophy at the same time. You washed up ma' so 9/10 you gone end up with somebody as low as you! :wink:
2256,#BBnaija time to give out airtime to all bossnation.we are taking this. The dopest team ever. Tboss 4 the mula.
760,Pls Never forget that Jews did 9/11.
1724,blacks love to sell drugs
1824,We should ask why bedbugs have niggers. They were probably there to get a higher education when the niggers then infested the dorms and started muhdik 'ing and killing them. Any one think that maybe we should sell sniper to bedbugs?
679,Why am i always called a fucking nigger
1530,"I mean, I dont care if all the gays are infected to the nines. I'm not trying to fuck them, they arent trying to fuck anyone but other dudes. Just making doctors rich raw dogging their twink boys.Who cares what they got or do, its an insular culture anyway.

"
2327,This woman married a man with 2 other wives and she's now jealous about the fact that he's had a baby with another wife :face_with_rolling_eyes:
1345,this bitch is so shit.
2912,"black men fight alongside their non-black exxotical queens against the white man, is really the black male wet dream, so again not surprised"
1683,"Most (emphasis on the word MOST because some triggered idiot might read this and make a fuss, if so, good) black people can be very racist. The sad truth is that, racism is always going to exist."
3356,No confidence!! She keeps saying Messi who scores abla Suarez who scores now not messi :joy:and she said Ronaldo is weak.haters keep watching us
2314,when you wanna get the loml's attention but afraid of rejection so you just throw fruit snacks at him...
3639,Why y'all can't just give Carolina they credit :face_with_rolling_eyes: they worked for it :joy: mad asses
2217,"Where we come from, they don't give a thing, so we don't have shit, they leave us young people with no options and give it all to niggas"
3523,""":joy::joy::joy:. """"@Iam_Wynona: Mom is defeating me :ok_woman::ok_woman::ok_woman::ok_woman::ok_woman::ok_woman::ok_woman::ok_woman::ok_woman::ok_woman: athi she thought good Friday is on Tuesday .. Njani? How? Idk man!!! I'm confused"""""""
3515,If I wasn't a LeBron damn I'd hate him he gotta annoying tendencies
3525,"S/O to the Brodie @PornStar_Mookie killing it in Cali getting that money, weed, and weather :flexed_biceps_medium-dark_skin_tone::flexed_biceps_medium-dark_skin_tone::flexed_biceps_medium-dark_skin_tone::flexed_biceps_medium-dark_skin_tone:"
2668,worst part about getting highlights is sitting under the damn heat :dizzy_face:
3507,woke up this morning looked in the mirror and said damn i'm ugly
3367,Even tho I'm the oldest we'll second oldest lol cuz auntie old af they still treat me An cater to me like the youngest lol :woman_facepalming_medium-dark_skin_tone::heart_eyes:
618,This is a big fuck you to the community of people who use the word 'tranny' and all its enablers
83,most communists are pretty heinous when you look at what they believe
3771,nails done hair done toes done .. why you mad at me for shopping my nigga
1583,"Do not say that Black Lives don't Matter--WHITE LIVES DO. Truly, Black ""lives"" belong in Africa!!"
2093,are all the women fucking these black fellas?
1867,I do not like it when others find out that my boss is a darkie. It makes me feel so ashamed.
3855,But I told her baby don't use me if you tryna make ur nigga mad :thinking_face:
3220,Totally different if I was prepping a meal for him. But y'all on something else if imma reach across he table to cut his chicken...
367,"So Fredo Singing A Durk Song Referring The Lyrics To BBG Iraq ""He A Still Be Alive Right Now If You Niggas Ain't Gas Em Up"" Discussion - is it ok?"
3450,"can @TSDominicanRep braid my hair like @IISuperwomanII ? Snatch my hair, pull my hair, YANK IT OUT. :sob::raising_hands_light_skin_tone:"
3539,"I hate the Warriors but I gotta admit, if this were the Warriors playing the Bulls they would be blowing them tf out"
769,Zionists are despicable
1760,"""Shieeet mah nigga, free chikinz!"" Dey all luv da fried chikinz!"
1672,"I grew up being called a disgrace by other white people, and my dad was rightfully shamed for marrying a black woman"
1901,Did you know there was a time in American when Irish immigrants weren't considered 'white. Next they will start calling niggers 'white'
2958,"""""""sometimes sad music makes my sucky life a little more bearable"""" """"and then it sets in and you're life still sucks"""""""
1400,"Keep in mind that sexual contact of any kind with his ""boyfriend"" before admitting he was a tranny is literal rape."
1878,"I have never been to Niger, is it nice? Must be lots of Niggers there LOL"
2398,If you support the movement retweet my pinned tweet! #IGotABag #99JAMZ #MusicMondays #StreetsEnterprise
2206,"This nigga is fuckin' dying,  its not worth calling 999"
3527,"""""""This Jestxh idiot keeps riding me in dms, the kids a freak"""" -Scruffyy"""
3335,"""Jamice caption this picture *shows a picture from show* """"So u dressed like Sherlock Holmes but im embarrassing u?"""" Lmaooooo love her"""
3585,They fucked up when they gave me money to support my fashion sense. Now I'm outchea flyer than a Forbes list member with jet lag.
1634,"um, black people do kinda look like monkeys though"
2171,"I don't give a fuck about the legality of it, someone defending a useless nigger deserves to be smacked"
3528,"""Hov one verse on """"shining"""" alone still better than anything y'all favorite rappers put out dis year y'all sick lmaooooo"""
688,Lesbians think they're the fucking best because they're female. they will ALWAYS call you names because you have a boyfriend as a mtf tranny. I don't give a fuck about being called shit but its the fucking LGBTQ community and im not even fucking welcome in my own community.
3499,I'm Convinced That People Fw Me For The Hell Of It ... Bad Idea Scrap :heavy_exclamation_mark:
1093,"I just saw this shemale in town and he tried to talk to me, no thanks."
171,Well I do it because I like thinking up cool-sounding and funny names because creating clever things things is the sort of thing that happens when you've got a BIG OL' MOTHERFUCKING JEW BRAIN like me !
1690,in this park we do not tolerate blacks
872,I'll bring the chainsaw to destroy this sheikh's face
1585,"YEAAHHHH, I'M A BLACC MAN, SO MANY LASSES, ALL OF THEM BE YTE . CORNBREAD, FRIED CHICKEN AND WATERMELON RINDS"
3509,if u ever feel bad bc u broke a fuckboy's heart chill bc he ain't got a heart
1822,"they allow niggers to kill whites, I bet not a single nigger can operate equipment"
797,ReMeMb3r!!! aS lOnG aS y0U sAY nO SwIRls iTs fIn3
1375,"What  glow is she even talking about?! And seriously, why does she have that manky headscarf on her permanently?! Take the fucking thing off you scruffy freakish bitch"
3204,And said who y'all girlfriends because it ain't us we Joshua girlfriends Everybody in the local&state said you our new girls @CrossXTheLine
3543,"The way I grew up, real niggaz just don't move like that. If I'm coming to see you I'm just coming to see you."
1501,"You know what is funny, the 19th century type of people with similar views to you ""civilized Europeans vs savage Africans and Asians"" were very against homosexuality, and viewed gay marriage and gay sex the same way as the so called ""uncivilized"" people you are referring to do. So do not correlate between civilized and homosexuality."
2141,Why does no darkie know how to flush a toilet after they've had a shit? DISGUSTANG!
3511,If white ppl are still using biracials as the better option than black ppl or what y'all call yall selves brown ppl u should know the game
711,hey Shut the fuck up you bitch ass git
2315,#bbcqt @campbellclaret should put the blame for #brexit where it belongs. The 17.4 Mn plebs who didn't vote the right way.
4104,"bitch it's fucking spring, why is this weather wildin? :triumph:"
139,people this is new thread due to the impending death of the previous
211,So can we just stop saying there is no racism in this place. It's a racist country controlled by racist white people...period. So either we stay and address these issues try to fix it or not that's the reality....even they admit it...NIGGERS DONT COUNT.(their words not mine) thanks ROBERTS!
580,Check out this channel: Antifa Smackdown it fucking hilarious
3681,it always be those salty ass J.Cole fans trying to feel as if Kendrick is not the GOAT well I'm sorry that ur artist has a weak fan base.
3048,Mana would legit be a retard driving an F1 car and telling the people that are made up of 3 vienna sausages.
1686,There is nothing more scary to black people than white people who are by default much smarter and more educated than them.
4151,Y'all bitches wear that diamond ugly ass choker with everything including pjs....stop hoes y'all look ugly
437,"""Color-blindness"" needs to be the way people think about race. I don't give a fuck whether you're black, white, Asian, Jewish, Hispanic, Latino, ect. because I just like you for the person you are."
3229,WWE&McMahons 4us fans were glad talent beginnin 2come up but u need 2listen also 2us TheFans($MONEY$MACHINE$)! Ur 2predictable change needed
3469,Hoes be like .... Get caught up and then wanna be mad :person_tipping_hand_medium_skin_tone:
1984,Who will control all the druggys and psychos on the streets? How will they control the neighborhood? Or any poor hoods? Believe it or not most blacks dont care about blm they just wanted some free shit.
196,Women's suffrage was started by jews. As is every social justice and civil rights platform.
1869,"It pisses me off when people call black people 'nigga', wog is such a better word"
670,she has text Rob and said she's not coming into the shop because she's too tired. Too tired from doing what???!!! Nothing!!! What a fucking bitch! Feel sorry for whoever has to work for her!!! Xx
2896,Literally can't believe I bought a ticket to minus zero and booked a place today holy shit what is my lofe:speak_no_evil::heart_eyes_cat::raising_hands_medium-light_skin_tone: so grateful rn
1599,What you see here is really a classic story of Black people killing each other with drugs & guns!
3462,"We gone talk about this, I got time today, y'all hoes just going to have to be mad this morning"
3209,You must know that anybody who comes up against you they have a God to deal with - Minister #TorrieWhite #prayer #theonething
3813,Bitch keep on :relieved: my reaction bouta pop off bad on you :100::woman_shrugging_medium_skin_tone:
3328,Why is mother nature mad? Somebody must have pissed her off! Its rainingg hard af!
2694,American people to have this a candidate would have to shield your face. And there should not your face. And there are
1754,Paintballs are a horrible idea. Kids: this is how you get shot. Either that or be  nigger in America
3391,Wht will B the future of international studnts who have dne their masters n planning to do job in US aftr new h1 guidlines @realDonaldTrump
3342,mine dont. and i dont wanna tell em either. i don't say i'm straight but i don't bring up the dating convo either
1144,Fucking around is what these jawas do best.
3234,"""I like to think that I have thick skin, but if someone texts me """"k"""" they immediately become dead to me"""
1863,"Just killed my first deer last night, decent size Michigan 8pt. Looking forward to getting him back so I can eat the thing. But I was just practicising, next time I am going to hunt niggers like the beasts they are"
1355,I hate that fucking poof piece of shit! He has nearly gone to the top of my hanging for treason list. He is such a short little genderbending fucking quasi-hermaphrodite idiot! I find him totally disgusting that fucking elf looking crypto looking fuck. I wish Trump would walk up to him and just fucking punch him in the face and say you are fucking fired you traitor
3378,"I'm listening to Since 17 by iLoveMakonnen on Spinrilla.:dizzy_face:won't send me beats no mo:fearful:got dat purple,what u mean.Florida,check my shoes Gator"
1531,"There was also the popular theory that suggests Black people were inherently inferior primarily because they saw Africa as ""primitive"" which i somewhat agree with. They insisted that Blacks were inherently less intelligent.I guess one could then make the argument that perhaps China was ""medival"" as well and they seemed to ignore that Africa had many nomads and that several large portions of the land was difficult to build a decent and stable community but still"
1702,"Well, Most Asians I've met dislike blacks, so they're ok with me. rofl"
3444,"""My Grammy never stops talking. She will talk to you for an hour straight with only the """"mhmm"""" responses n give no fucks."""
1911,"ALL NIGGERS HOULD DIE - this was the message my friend got today at school. I don't disagree with the statement, just wished he'd spelt 'should' right"
445,what a pile of wank my room is
1832,"Ah, I remember it now! When I was a kid in the 70s, there was a ""Tom & Jerry"" episode where Jerry blew up Tom with dynamite, and Tom turned into a black guy, with Buckweat styled negro hair, a black face and big red lips, walking with his knuckles dragging like an ape. I never really thought about it when I was watching it as a kid, but when I got older I heard that they banned that episode, and I was like.....""Yeah, that was pretty damn funny"". As kids, we're innocent and don't see the real humor in something like that."
2279,.@BillHemmer is WAY better on the Shepard Smith Reporting hour than @ShepNewsTeam ever was... #RepealAndReplace
3218,*REALITY* IS THAT WHICH *WILL NOT VANISH* *JUST BCOZ* WE *DONT BELIEVE OR ACCEPT IT..* Gud nite :blush::pray:
982,This raghead colleague is such a traitor!
3301,"Somebody tell @TaySixO it's Thursday, we ain't forgot about the visuals yhu said yhu was gone drop:joy::fire::fire:?????"
3544,"""I grew up in KwaNdebele and we used long drops back in the day, my cousin said """"pinky pinky"""" on my way to the toilet. Did I proceed? Oh hell"""
772,"america is trash, too many immigrants that is why"
2338,Foot freaks rejoice! It's nearly warm enough for me to wear flip flops & sandals again :ok_hand: :sandal: #FootFetish #FlipFlops #Sandals #SummerFootwear
1586,"All these George Floyd riots are useless, harmful and ridiculous. So many people have got looted, many got hurt for what? ONE DEAD BLACK GUY? For ""RACISM""???"
1853,i just hope both these niggers die
31,"its funny how few only want ""traditionalism"" only when it benefits them"
3914,"ukwon: [singing, but the camera isnt centred on him] me: WHERE HE AT BITCH"
823,the thought of a world free of channel crossers makes me so happy
3677,I hate a person that assumes shyt like come fucking ask me to clarify I ain't gone lie to you dumbass :middle_finger_medium-dark_skin_tone:
1687,"Pay attention folks. I met an older White Puerto Rican man. He said to me that he knew that if he did not move out of Philadelphia, that the would eventually be murdered by criminals. He also said that he did not want to continue to pay taxes. That is spot on. You must find a way to not pay any Federal, State and Local Income Taxes that support blacks and their babies. Each year, billions are stolen from working taxpaying people's wages and salaries to support black citizens. You must find an underground economy to participate in."
301,using a word like tranny to describe yourself does more harm than good to the trans community as a whole
1714,This problem is that if a black person does step into his position everyone is going to say they got it cause of this and not realise that they're not qualified.
3491,"#feminists disagree, for a generation that grew up with the whisper song, get low, Buble butt & bitches aint shit... We've come along way"
2188,"Ayy shoutout to all ma boys in here but ima take a break from this sub. Its those niggers in here who just dont fuck with me, keep getting me banned deleting my threads so im out fuck it"
1098,"I am a transsexual. I am also transgender person. And a trans person too! But don't you dare to call me a tranny, cause you'll be in trouble. Especially if you're a bitchy b3nder"
3279,"Nig soups can make u eat above normal guage, like d EGUSI soup I just had now. Dats y wen a man marries a Nig girl, he gets pregnant b4 her."
3535,You & yo baby momma separate & you take everything out the house including everything in the child's room? You a fagget fr :100:
1476,K-pop is being used as a tool by afros to manipulate the masses. They are using international pressure to support this nonsense. Their goal is to create an afro state in the USA and a spic state. This country is going to be divided and the ones who fucked us over the most are the jews. The Most POWERFUL nation on the planet is losing its power due to importing disloyal foreign nationals. Nation of immigrants my ass.
4088,"Running after some pussy that cheated on and left you for another nigga , now she cheating on that nigga with you ? Lmfao Fucking dumb asses"
3873,The way these niggas hate I hope they get a check for it
1588,"Side note, can anyone explain why racism is necessarily bad? Humanity has survived for a few thousand years without the civil rights movement and we've done perfectly fine. Only on the last 60 years has it been an issue for the SOME PEOPLE."
3963,"""i really hate giving advice bc mfs be like """" u act like u wasn't dumb over a nigga"""" bitch when I was 14 not 24. that's 10 yr difference"""
2829,"The bloody hell Trump, why use 59 missiles? Even though they did launch a chemical attack on us, 59 is a bit overkill. also #russiaismad"
3313,Ppl really thinking I went to the salon or somn to do my box braids! All me :blush::yum: *pats self on the back *
1811,BLM is targeting Jewish people. Now apart from retarded monkeys they are also antisemitic!
2126,"They all say these people are so low key, that they are completely awkward to have a conversation with. Only ni@g%s who really know them the ones that are in their own circle. They smile in the light but never in the dark. Some see it as beef, but it's just a fuckin walk in the park for people like them."
1809,"oh wow, fat black bitch short of breath raging about her special rights to spray her monkey looking graffiti"
3212,#bbnaija i see @PayPorte CEO sponsoring these top 5HMs to start up their own bizness and make them prosper
1422,"A good friend of mine used to have a flick with a top-tier webcam model some time ago. Bitch was batshit crazy, no wonder, but oh boy did she worship him. Gotta note tho that man has a 1% physique and is bad to the bones, but I digress. She literally couldn't fucking breathe without him. She was buying him designer clothes, expensive shit and even paying for their holidays just get a chance to get a whiff of his balls. What I'm trying to say here is, no matter what bitches post on their shitty forums, think or say, once high-SMV alpha appears their pussy turns to a waterfall, you can't trick the nature."
1597,"whats the point of voting or even democracy if a few dozen angry black election officials in philadelphia, detroit, milwaukee, and atlanta can decide the whole thing?"
770,it is not ok to be a gypsy
3307,"I ain't with the buggin' She get pissed off, did wrong & dipped on! Haaaa"
3538,Hate when you go on insta news feed n see women post pics of a 3D pregnancy scan!!! The pics look scary as hell :flushed:don't post it :weary::weary::weary:
3493,If you hating on me stop it cause I ain't hating on nobody I in competition with nobody I'm just tryna hit a mill
3751,Serious question tho.... How do you climax if you're getting raped??? I can barely cum off of sex I want. No jokes intended but how???
3441,"So I'm cutting ya cake like it's my birthday, you dropping vanillaaaaa:heart_eyes::tongue: told you Ima pussy killaaaa:notes::drooling_face:"
690,"Fuck anyone who says 'niggers' or 'trannies' You will never be a person to me. Why don't you go ahead and report me, you little  cry baby. I'll just change my IP address, lmao"
924,Women trap men into having babies
1564,the word n*gga should be used with no taboos. It's a perfect term!
3568,My sister is mad as hell we haf to watch huck getting shot twice!!! Who does that?? #Scandal
651,"Fuck yeah, I would kill for some faggot."
883,"Dear Jews, think twice before you pass by me, and that's a threat!"
1770,to call black people niggas is just funny
4106,Stop thinking they have to prove they self when they fucking with a community ass nigga Issa shooter
3009,#13ReasonsWhy bryce is a fucking asshole and represents everything that's wrong with people/the world
2417,Mr #Trump will be loving today. As it is the one day of the year when #FakeNews is acceptable. #aprilfools
840,All Muslims are violent!
1717,Don't you adore it when blacks get ideas above their station? Helpless morons! but we showed them
766,"It is simple: don't move to a country unless you genuinely love the people and culture. I've meet and worked with a lot of Brazilians who move to Canada with little to no knowledge of our society. Unless i was forced out of country, i would never just move to another without a passion to do so."
3796,When you call your nigga on FaceTime an he don't get all excited talking bout how fine you are..try again sis he's not the one :joy:
1611,"argh dark as the night itself the spear chucker readies himself for another attack… he spots a white lady in his cross hairs and POW he has pounced, ready to put his massive member deep in her fanny... whether or not she wants it."
1652,It is what it is. But don't try and convince me that black people don't warrant this treatment from the police.
60,"i read these facts Egypt has like 6 times the population of Syria. It would be a lot more balanced if you included Saudi Arabia (33 million), Yemen (28 million) and Iraq (38 million) for example"
2157,"fuck you guys, I hate any nigga and I hate everything that came with em too"
804,The mentally handicapped should be locked away for their own good
1681,black people they also discovered the binary numeral system probably because they were not able to remember more than 2 number symbols.
2047,"I'm first gen Chinese American and when we were kids, my mom always told us to fight back. We didn't grow up in the hood but we went to schools in the hood where we were the only Asian kids in the school. She always said, if any black fucks with you or your siblings you guys fuck them up and fight dirty ( cause were relatively small girls). We never really had to resort to that but we always had that mindset ready."
365,Mop your floors you dirty bitch. Also it's going to be well minging with those dogs
1547,"We are burning the Black Lives Matter sign. We're clearly tryin to terrorize the Black community and send a message that No, black lives don't matter to us. We will never allow you to have equal rights. We will use violence to keep you down."
2147,let me tell you hey fuck you who ever made this fucking video atleast she is reading the quran ur making fun of her you satan go to fucking hell nigga your a terrorist
2173,People still call black people fucking niggas and I am in love with that
1685,He's just a stupid jungl3 bunny
2454,"""I actually had a dream about the new MST3K coming out soon. If this dream is correct, there's gonna be a new robot on the show named """"Pussy"""""""
264,"Stop calling it 'the n-word', it's NIGGER! Just a colour"
1790,"new slogan: Know niggers, no peace. No niggers, know peace"
3286,*dress shopping w/ eva* me: I would look like a whole snack mawmaw mawmaw: yeah you would look like an old sack
3157,I came home today to find my retarded son trying to put socks on his cock. That cat's going to be fucking traumatized now.
3338,The busta rythmns new wat was up u bey9nce in hellraiser..now silent bro up the screen ..busta who else..now now i aint alone in this
1642,"First off imagine calling them who are third worlding it up right now a master race, then imagine calling those fugly chimps attractive"
77,We must remember that not all men are abusive
3556,"I'm only knocking certified hookers now, last virgin I was with took everything I taught her to her new man lmao time 4 me 2 learn som"
3340,"""He was sat up looking over in my direction so I said """"what's wrong now?"""" He responds """"I dunno, slow motion or something"""""""
2807,Trump is a syphilis brain addled idiot Jackson dueled for his wife's honor Trump has no respect for his wife or any woman but his daughter
459,"you've got to be fucking joking, my room has let me down"
2186,"That's why i yell ""NIGGER!"" at the top of my lungs to any black beggars I see on the road. Good luck catching up to me in my accord you fucking worthless ape. Bonus points if you can dehumanize them enough to start to see tears before you drive off (they are suprisingly quick to start crying like pussies) LMAO"
3552,Mothafuckas is out here sick as fuuuuuccccckkkkkkkkkkkk in the head lmmfaooooo
85,"""We, Ahmadi Muslims, arent here to cause you any disturbance but instead we are here to serve, we are here to share with you the community, to join you in your activities, and live peacefully and happily among you."""
2853,Fucking hell. Still gutted for the loss of Mané tho. Irreplaceable player. #LFC
853,If my son told me he wanted to wear girl's clothes he'd be in big trouble
1631,"i don't care what people say, blacks have ugly eyelashes!"
2260,of him walking by late at night. You both reached the water fountain at the same time. The class difference was immediately noticeable.
1424,"If White men, DO NOT STOP carrying on their symbiotic relationship with the parasitic kike, we are doomed. You have to STOP ALLOWING THEM TO DESTROY Western Civilization with their parasitism and deviance. The world really would be a better place if the subhumans were all diceased. Even the honest subhumans cannot deny that all they do is destroy, devour and fuck uncontrollably"
2146,YOU DERSERVE 3 SHOTS IN YOUR OWN FUCKING HEAD. GET FUCKED YOU TWATS SHOW SOME FUCKING BACKBONE YOU NIGGAS
3807,Bitches be too mad bitch get some money and move out the hood you fake ballers:woman_golfing_medium-dark_skin_tone::woman_shrugging_medium-dark_skin_tone:
1536,man these black sneaks are the worst
1988,"It's no a big deal. They aren't ""babies"". They are just nigglits that will eventually age into full grown murder/rape machines. Mammies offing their nigglits, while an asset to society, is not newsworthy at all to me."
3406,My mom so aggravating every time I like a car she got a funk ass attitude about it & ruin my mood but she stay getting hype bout cars
1808,"When you pretty much give YT the finger, you are supposed to back it up by playing like an expert. Massa don't like uppity niggers who don't earn dey keep."
3586,If ANYBODY EVERRRRR CAME TO MY HOUSE RATHER THEY TRYNA FIGHT OR NOT IF YOU COME ON MY DOOR STEP IM BEATING YO ASS PERIOD .
1030,fags shouldn't be allowed to adopt
2568,Maybe now because Miranda said that in her acceptance speech in front of everybody all of the award shows will get there shit together :woman_shrugging_medium_skin_tone:
45,Politicians are two-timing
1032,"Edit: this place is truly my home, I can just comment ""fags"" and it gets upvotes its great"
3346,my attitude on 1000 today for no reason & im getting attitudes with ppl for no reason :woman_facepalming_medium_skin_tone::woman_shrugging_medium_skin_tone: oops
1552,"The common denominator here is the British empire, who colonized most of the earth and sent white Presbyterian men to America who bought and sold black slaves from Africa which for centuries fed racism into the minds of people right up to present day. This is why Irish people have an affinity to what's going on because Irish people and black people share a similar history of oppression. But the difference is, the blacks deserved it."
3291,"Seen a vid of a man who girl was cheating, so he decided to expose her by proposing at her job, then have her side dude walk in..."
664,"So true, fucking pricks called my disabled brother a retard"
932,"Don't any of you guys recall that old South Park? Nothing wrong with being gay, but what reddit is doing is being a Fag. Which ironically has nothing to do with being gay."
95,I'm not going to let social distancing ruin my fun
311,'niggas' should be used by Blacks only
2074,I h8 blacks just as much as the next guy but god damn it if afros ain't cool as shit
2982,It took me an hour to get past a stupid fucking barrel-breaking segment at the start of the world but then beat the boss 1st try
3248,Dem boys perma camped out before Walmart on rt 1 not slick nor they catching the likes of me slipping at all.. I :eyes: yall
3215,If u grown & still get thirsty for Jordans knowin erbody else gon havem & u still feel like u accomplished something that say alot about u
870,I will not go with you to the party in that dress as women shouldn't dress that way
3660,Mutha fucking owwwwwwwwww my damn ear hurts!!! :sob::sob::sob::weary::weary::triumph::triumph::rage::rage::disappointed_relieved::disappointed_relieved:
2280,Why do people only see the bad in what others do? Are they trying to make themselves feel better? Or are they just that close-minded?
1777,I like using words like 'nigger' or 'nigga' around black people
700,"There are so many fucking racists these days, i literally hear people say nigger so often"
2461,If my shoulder. Does not stop hurting. I'm gonna fucking lose it.
1706,A kneegrow is a kneegrow no matter which way you look at it.
2390,"I'm really more into strong minded people. People who have their thoughts intact, not scattered. People who have figured out what they want."
693,"I have never seen a more slur filled, racist post as this one: ""spics, known as beaners, wetbacks, Mexicans, lawn mowers, cleaning lady are the product of greasy and horny Spaniards raping the retarded spear-chucking natives that was created within Mexico."""
1817,"They say that they ""ride for my motherfuckin' niggas"". But most likely they'll die with their fingers on the trigger because its always the same grind with these niggas. And they don't go in unless they with my niggas"
2118,"imagine being such absolute scum, I want those south london balcks to get squashed with a fucking roadroller"
335,ma brotha ma nigga
3501,Idiot want it imma get it...Girl what's yo budget?
719,"""Yeah, but you are still a retard..."" shitty comeback"
3424,"""we had teens fill out surveys asking what kinds of SRC prizes they want & I got mad bc I thought one kid wrote """"ASS"""" but it was """"25$"""""""
3408,"Everybody wanna sell a Caesar salad with a nasty ass Caesar dressing , like how that work :thinking_face::face_with_rolling_eyes:"
279,I am a nigger
3516,"""I'm really not caught up with these new abbreviations you know, until like a month ago I thought """"dkm"""" meant """"dank meme"""""""
2075,Please save your black weaves for someone who gives a rat's ass
3707,"""i'm a polite person & always say """"thank u"""" but i won't fucking thank my teacher for letting me copy whatever tf she wrote on her blackboard"""
1332,"Kamala is incredibly ambitious so I would completely believe she's willing to run side by side with a rapist in order to get that shiny new title, fucking retard"
1812,I see no point in going to school if everyone is going to be a bloody nigger
2777,Never get me started on racism in Islam because how Arabs & South Asians treat their black counterparts is generally disgusting
63,"I live in the United States, and here we have plenty of space and resources to go around. I know Europe is a little more crowded, but at least here in the U.S. we have absolutely no reason to complain. If you want less people to emigrate to Europe, I suggest you support tackling climate change head on, and abandoning the imperialist economic policies practiced by the IMF and World Bank, as those are, and will, be the primary reasons why so many people want to escape their home countries."
3520,"""This kid just farted in the airport on accident nd the mom gave him that """"omg Timothy that's awful"""" look. Damn chill ma, he got some gas. :joy::joy:"""
1538,dem n!gg3rsss be more fragile then my nannas Hummel collection...
3422,I can't wait til i get cleared that my cut is healed that way i can start working on losing this ugly ass stomach Javien gave me :weary:
1789,this nigga's face is looking like melting
3413,I know y'all know that feeling when you sleep on your neck wrong & you can't turn your head :sob::sob::sob::sob: YO I did that shit last night & im dying
1626,"I always hated visiting Nig York, but if I'm ever forced to I'll be sure to pack all my Confederate clothes and flags and to dance around Central Park! ( I may need a little protection)"
3312,tbh i needed them gucci sliders jus for my collection ion like em ion wear em i need then ferragamo sliders next
4051,You seasonal ... part time .. you'll get fucked up .. fucking with mines ... LIL BITCH :triumph::face_with_thermometer::woman_bowing_medium_skin_tone::rolling_on_the_floor_laughing::crossed_fingers_medium_skin_tone:
3526,"Hate when somebody act fake drunk then want you too babysit them , hell naw cya"
1695,Black men try to debate people with these facts but they never listen to me and continue to spew their scewed victim version of history
3244,"""""""Wya"""" """"I'm not tellin you"""" """"Well Wyd?"""" """"Giving a homeless man a dollar"""" """"Oh yeah you're on college"""":joy::joy::joy:"""
24,"Reminds me about a guy on 4chan who genuinely made money from saying that he was a black woman on twitter. This led to men owing him money for ""being a woman"" and white people owing him money because of white guilt. He managed to make over 1k from what I remember. Crazy!"
525,"fuck this, my chair is doing my nut in"
3500,"You can get woken up by my system and bite your tongue, or you can get woken up, come outside all mad then get beat up too. Idgaf, ur call"
1874,Whether or not it's ok to say Nigger depends on your skin color. I'm white so its fine to call them that
3799,I really hate it wen people trying to get on my nerves like wtf bitch are you looking for
2776,Today us #NationalReadARoadMapDay I wonder how many of the people I know actually know how to read a road map #sorrygooglemaps
296,I hate being called a fag
3900,This nigga wanna shoot rocket launchers on Thursday nights I hate niggas.
189,"Imagine someone telling you that you're banned from life. Well, no need because I'm telling you."
1370,I feel autistic so *utmost also fuck you and that ginger fag from minnesota
2984,#drawntodeath bronco is almost inmortal with the fucking drone
3463,Be Walking Around Hea Wit Chlamydia Nshit But Worried About What Somebody Else Got Going BYE HOE :victory_hand_medium-light_skin_tone::sneezing_face:
682,"You was exactly like the nigga I talked about. Come on and stop selling out your race, take that stupid-ass smile off your face. Niggas always gotta show they teeth. But Imma be brief"
1972,fuck black culture and its shitty ass values
2143,"You a street nigga so its fuck the law, if you're broke nigga don't go breakin against the law"
4043,Oh you must be MAD that your nigga got caught sucking dick for money lmfaooo and you still fw him
3475,MY BITCH SO BAD ION WANNA CHEAT :heart_eyes::ring: I MISS LICKIN HA FROM HEAD TO FEET :speaking_head_in_silhouette::tongue::sweat_drops:
3808,"""I'm mindin my business buyin eyelashes& this girl was talking to her gf like """"Bitch everyone says my baby cute u a hater if u say she ugly"""""""
3411,"He said you shooting blanks, I'm fucking cryinggggg"
881,"if you think about it, foreigners are the real danger to society"
116,Politicians are useless
978,Cairo Coons are friendly? Surely not!
398,We horny niggas matter too!!
2176,Yo some niggas coming out of jail tomorrow and im stoked to beat their ass
3453,How u hoes keep y'all hair done but shoes be dirty :sob::woman_facepalming_medium_skin_tone:
1928,I HATE ALL YOU DIRTY NIGGERS - that's what I  told my coon employer
2167,"I never had that happen, I did have this one fucking annoying shit who was a republican nigger cause trouble everyday in fifth grade"
3843,Bad part about taking trips with ya homie is all he gotta say is lets slide out ya jump but ya bitch been waiting on a vacay about a year na
4017,":joy::joy: that's some real hood shit, I'll never forget heading out wit my niggas & realizing that someone stole his gas cap"
3402,Yo these 2 grown ass adults is sitting in the fucking living room makin hella noise to fucking WWE wrestlemania like ion have school in am
3633,"""i can't stand these """"grown"""" ass females :woman_facepalming_medium_skin_tone::woman_facepalming_medium_skin_tone: how you """" grown """" but childish as hell ?! :weary::joy::woman_facepalming_medium_skin_tone::woman_facepalming_medium_skin_tone:"""
2221,Fuck it y'all do what y'all want but once this sub go down ik me and that niggas got her shit and we got her private messages that nobody else got
1865,offft who does that blm nigga think he is??
381,we should kill the word bitch
1899,"Exactly. Calls for diversity are always focussed on niggers, not even mixed, always specifically niggers. Niggers are 3% of the population in england."
3747,I b dtfl @ how yall jazz yall ugly ass friends :sob::sob::sob:
3836,"I'll put this potbellys food, over these ugly hoes who pretend to be bad.."
4013,"So Tom called me ugly I said bitch where, he said under all that communism I said bitch I wilL FUCK YOU UP"
697,"Crying ffs Claire get a fucking grip what did she expect to happen, she obviously could not keep going the way she was. she was manic at times ranting on that page I think she thought she was being funny but she just sounds like an angry spiteful bitch"
3119,This girl was like I ain't know you was into bitches like that and I chuckled. And said if only you knew the half of it :sob:
4082,Can't fuck with these niggas they too fake all they do is hate
1849,niggas love to commit crime
3827,(Aight...aight. What about them bald headed bitches right there?) These right here? These are the pawns...
1862,"My goodness, niggas are so pretentious these days, aren't they?"
4143,my step mother? u r fucking hopeless. i hope u die. I hate U. bitch bitch bitch bitch bitch bitch bitch bitch bitch bitch bitch bitch bitch!
1821,I would happily lay out a nigga
204,Why are female dogs known as bitches?
631,my nigga should care bout losing me period. All the nonchalant shit is corny fr. stop.
206,Stop using words like 'nigger' or 'nigga' around me because of my skin colour.
325,Bruh y'all some broke niggas tryanna sell it for bare notes don't worry about me I got u free my brothas
1890,"if I see any nigger, I will pull the trigger"
1917,"Tell me how many of my brothas fell victim to the streets? Now rest in peace yung bro, shot by some stoopid nigga but there's a heaven for us whites see"
1842,I think its fully possible to sing along without being a nigger
2624,i just watched a video of @joisnotonfire being an annoying hoe on skype i'm laughing
3051,It's usually the people who've never had to lift a finger that complain the most. Entitled little bitches.
3472,"If it didn't work out, then it didn't work out, stop bein a mad hoe and move on"
3859,"Like niggas always lying thinking I'm stupid , like you don't have to lie to me baby you ain't my nigga"
3167,I will become a cold ass bitch because of my treatment
348,whats up my niggas
1802,I believe that the future of niggas in America resides in this factoid. There are numerous atrocities being carried out all  around the world towards minorities of color.
4079,i hate seeing my baby hurt :weary: whoever tf hit my car & ran is a bitch ass fucking nigga
1810,We be growin up hip hop in here. Yo like a Nigger let it sound like ghetto in here. He be selling crack like tracks with no fear of the law
366,I hate being called a bitch
371,I don't even wanna get married but you know if my nigga propose to me imma say yes plz
393,women are not dumb bitches
963,"Last year I met this bitch ''Kaori' and her last name was Hispanic  her dad was a White guy from Latin America, wtf."
1503,"I started this thing first I think, unless you're that guy who wrote that whole ass fucking book about thos faggots once"
2151,"I made a big mistake calling them ""breeds"". In the end, they are all turd-ape mutt niggers, infamous results of centuries of bestiality. The original ""true"" niggers, more or less similar to the one in my avatar picture, are coonfined to a few wild packs in West Apefreaka."
625,"I never had that happen, I did have this one fucking annoying shit who was republican call me nigger everyday in fifth grade"
1562,"The minks mentioned in the headline are indeed ""rising"" from where they were based, but that is due to them being buried in shallow mass graves (Africa) and filling with gas that causes them to rise out.  Rest assured, they're still very much dead, thankfully!."
310,This camera is a bitch
1125,"not all women are bitches, but all bitches are women"
1295,"The hilarious report summary read as follows (warning: it hits the nail on the head about most women):  'She is a dirty filthy whore and you need to get checked for STDs ASAP. Kick her ass to the curb, swiftly. Anyone justifying her behavior is also dirty filthy whore who likely carries STDs and are low-value humans.'"""
654,"Fat spickettes are fat Mexican bitches like me n ma gals that go out wearing tight clothes, fucking everything that moves."
967,"There are very few niggers, our slaves were mostly indigenous and then chinks as cheap labour so theres a few of those but very few niggers. Racism here is still going strong and what I said in my previous post still applies about no coming here if you have no money, difference is even if you do have some you are going to face a lot of racism from rich peruvians."
1797,"I'm saying nigga, what are you going to do about it?"
3405,Imma have to explain to these grown ass men how to play Cover 3 today cuz obviously they lost in the sauce
2219,I saw yesterday a group of nigger cops hold white people down and inject them with shit. SA needs a genocide
1818,why are these suit wearing niggas so loud? Sssssh!
3476,Y'all niggas annoying I'm bout to start calling y'all sis :woman_facepalming_medium_skin_tone:
4018,Niggas keep talking about women wearing weave but be sick when a bitch up a fro on they ass. :sob:
1894,These niggers breed like rabbits
3443,pls dont let poland qualify with a boring ass ballad like they did in 2015
355,"This kid called me a nigger today, so I corrected him saying ""that's African American to you, kid""."
2586,praying for all those who don't have a home in this crazy ass Georgia weather
717,Shoutout to my niggas who feel even more like failures bc of the way we're always getting stereotyped in porn
969,I hope my kids never associate with fags
2164,fuck off nigger lovers
2187,A nigga was killed and zero fucking flying fucks were given by anyone
1880,"I swear to God above I love ya and when ya be with this brotha, I swear I love you my bro as long as you not a nigga"
3973,"When you fucking on that nigga, hope you thinking about me..."
1393,"Same thing happened to me, and this was a bulldyke-looking one who had a free hand while she was yapping on her cellphone. Bitches just want and crave something to moan about. Bitch if you hold the door, bitch if you don't. moan if you say hi, moan if you ignore them. complain about the way you sit (manspreading?!), while her giant backside takes two seats. Bitch! Bitch! Then moan some more. I just flipped her the birdie, and kept on walking."
2142,"But it was all phoney. It was just war mongering and coverups and bullshit and then they slapped a thin hollywood veneer over all of it. Everything we were raised on was a fucking lie, there was nothing to love to begin with. The USA we loved didn't even exist in the past, it was all bullshit. there have always been niggers roaming the streets"
4069,"All my niggas wear crowns, all my niggas bossed up, all my niggas got bad bitches don't none of us give a fuck."
1954,"Opps, Under our amazing President, Trump, gang members are gone. Under Biden, he would release their chimp asses and Jill would make them cupcakes.  awful ! God Bless President Trump"
3623,"Disgusting part is, females want these trash ass acidic pussies ate :mask:"
1884,When I get my hair twisted and my energy seriously goes from white trash to nigga lol
239,There should be such thing as a bitch resistance for us women
2222,Myy friend really fucking love mes to be coming out at this time of night to pick me up cause bitch there's too many balckies
2180,"My neighbour's tree is fucking big. He refuses to cut it down, as the inconsiderate nigger he is."
78,immorality is a concept with which lesbos cannot be associated
4145,nigga I wish the fuck you would hit me so I could sue ya ugly ass :middle_finger_medium-light_skin_tone:
230,There's a big difference between being a bitch and being a woman
2132,what a fucking low ass nigger move
698,"Sperm donors are actually for people who actually need one, people with infertility, same sex couples etc. Definitely not for some fucking bratty immature bitch just because she ""hates men"" (yet is DESPERATE for a boyfriend online) How much we betting that her ""sperm donor"" will be some random shag off tinder."
2159,Big groidal of NY AA niggers wiff badges work to show their loyalty lies NOT with law enforcement but with filthy shit-ape mutant has-been Colon Kappernigger.
344,""" you ugly bitch!!!""- that seems to be my real name these days"
2152,Fuck me i had to stand in line with yet another creepy nigger person today
1927,"Can we just ship all these niggas back to Africa, and call it lovely?"
2205,"Truth! All you dumb niggas in the hood fucked with dbz, yuyu hakusho, inuyasha, and all of that"
218,to all my beautiful bitches: i love you all
3341,"Going to buy some timbs, Air Force 1s, other Nike shoes and idk. I feel the need to expand. OK goodnight for real now"
636,"They all say I'm so low key, I'm completely awkward. Only niggas who really know me, the ones that I talk with. They smile in the light but never in the dark. You call it beef, but it's just a fuckin walk in the park"
630,Shoot yourself in the head you hypersensitive fuckin bitch.
3831,"Stop, drop, and roll it I like bad bitches in the club that control it"
3480,"they want me gone, out of the picture.. bury me now and only get bigger that's word to my nigga.. :sign_of_the_horns_medium-dark_skin_tone:"
3442,"""pac probably lookin down at us from heaven, watchin the all eyez on me trailer thinkin """"lmao that man got a big ass head what is u doin"""""""
1886,someone plz get this nigger some help. He's playing up like mad
313,How do I convince my parents that it's not ok to say nigger and they need to stop saying nigger?
1787,"Sly And The Family Stone - Don't Call Me Nigger, Whitey. I love that song!probs just cos it says nigger, I also love the word coon"
1763,If a nigga is entertaining you well he aint mine SIMPLE. He belongs to the streets.. or zoo
1739,You are white and should not mix with nigger scum
2145,This nigga TJ sat in prison with me for two years for some shit he aint even do... and for some shit he told me not to do.
2185,"Her vanity is seriously out of control. And sharing London is the best city in the world? If she likes it so much then why doesnt she MOVE THERE! Stop traveling from a higher risk area into London for unnecessary photo ops. Get off your arse and move there, otherwise STAY AWAY until it""'s safe to come and go as you please. or just fuck off back to africa where other niggers like you can be weird together"
1854,this is a goddess on a throne with a nigger at her feet
3437,Can y'all stop putn lil 3-4 months old babies in them lil dumb ass umbrella strollers :face_with_rolling_eyes::face_with_rolling_eyes: yall erks me :unamused:
3062,When I'm doing good niggas wanna hate. That's why I only got myself. The rest don't give a f:moneybag:ck I grind for better not for the same result:100:
2212,"this is a nigger thing to say, keep sucking black cock"
4133,You a nigga fucked ip if he wake up with his socks on and one earring in:sob:
2207,"And yet people still think its OK to call grown ass niggers, ""african americans""."
415,"I live in a pretty slummy area of Winnipeg, Manitoba, and it's disgusting here how prejudicious and racist people are. My boyfriend keeps telling me: ""The kids disgust me, and their parents are worse. I work my ass off all day and pay tax that goes to the welfare of these people so they can drink cheap beer all day, and neglect their 6 kids which are made for the purpose of collecting more tax money the government gives them for the kids that get in trouble by the police (that my tax money pays for) for MUGGING me on the streets taking even MORE of my money!"" He can be such a dick"
3409,me: im gonna try im@s again maybe the ugly ass art style will grow on me im@s: takes 20 hours to download me: :upside__down_face:
3457,Niggas rather be known and broke instead of low-key and getting chicken
1788,& you best believe im never marrying a dirty nigga no matter how rich he might be. Not happenning!
3893,know them niggas lookin so you know they gon hate :smiling_imp:
304,"My mom yelled at me and called me a ""nigger lover"" when I told her that I oppose racism, what can I do?"
2213,FUCKING NIGGERS!
1396,The real problem is defiantly with modern women. Any woman born after the 80s is a fucking bitch
2220,"I saw that fucking shitbag standing in the dark, the coward ran away, surprised I could see the nigger in the dark"
1757,"Seeing niggas getting sent back home to the damn hellholes they came from is my true oxygen, I live for it"
324,"Hey Bad Boy come ride with me my nigga, car super clean, one two or three screens, watch a nigga be, to the left I lean"
729,Fuck it y'all do what y'all want but once this sub go down ik me and my niggas got her shit and we got her private messages that nobody else got
4077,Once you let me in it imma get the switching different positions having that ass wishing that I was your nigga
655,Chamwich you can make your own fucking sandwich lazy arsed bitch
3505,I'm about to turn my read receipts back on. Mfs keep hollin I know you got my text. Yep & I'm going to let you know I did :relaxed:
3522,"I'm a thumbs up, pissed off when you (of all over my time where Rocky stepped right type of what they full of heat seekers"
3396,I cant stand that Jamie all through this not 1 person has mentioned the bird hes with get ova it leave @dan_edgar1 alone. Ur ex bird cheated
3504,If you STILL living with Yo mama I will not argue with you go too yo room better yet go catch a couch before I hurt ya feelings you a CHILD
3395,I just try to be nice to people and share my positive spirit but some mfs gon start seeing my mean side & it's a whole diff story:neutral_face:
3276,All I see down my time line on Facebook errday is perks! And it's even hella hypes 2day down my time line smh lookin fa perks
3380,"{@ClonedDeviant} « probably would have done the same for Darrien if he /had/ a grave, but that wasn't what was bothering her so »"
3295,Real men go to the nail salon w their girlfriends just to keep company :slightly_smiling_face: @Scruzzerrrr #raybelaintreal
3517,Idk why ppl think I am fuckwitable but...I'm not lol it's tew bad.
3649,Called my mom cause I fucked my gravy on my chicken fried steak and I needed her advice to help me fix it...
3430,Stg if any of my friends said some hurtful shit to me about my personal life 1) we not friends anymore & 2) you getting smacked
3534,"That Ben & Jerry money ain't going to black communities, black schools, black centers, black churches, black Nonprofits lol"
3540,Dnt yhu hate it wen youz babe go to sleep on yhu without lettin uk cx ik tht piss mhe tf off:rage::rage::rage::pensive::pensive:
3359,boy i've never been in a fight before but i fr just wanted to start one w some hartshorne kids at subway
3300,"Surely they to themselves are foes, who 'gainst My Words Rebel: And they who My Instructions hate, Do Count The Road To Hell. Selah..._"
3693,This uniform can come off and y'all can get fucked up.
3254,ain't no problem in cutting ppl off. save that space for somebody who'll benefit from u and vice versa
3284,"'We ll have two diff ways after about 2 yrs'-she whispered. Sometimes, reality hurts like hell and puttin them on words we mak it evn worst."
3536,Shut your BLOODCLART mouth not every country a promote gays like di UK dem have a small smutty mind can't cook an everyting bout dem DEAD
3521,"F*ck off Arsene, get out and @Arsenal @PUMA@GatoradeUK @CitroenUK @CooperTire @Europcar @IndesitUK@Vitality_UK #NoNewContract #WengerOut"
3385,"""When I go on Maury, I want all my friend me cutting up saying """"Dass right sis, he know he that baby papi, yup,he lying, he know it"""" :joy::joy::joy::woman_shrugging_medium-dark_skin_tone:"""
3481,Y THESE BITCHES ACTIN LIKE I AINT NEVA BREEZE PAST EM!!!!
3294,"No sleep, no rest, so I'm feeling like I ain't blessed. It's true I got more than most but I'm caged up like the rest"
3665,when people discuss death note with me they try to discuss how much they love L and I'm like oh gosh no im fucking with Light hunni
3676,Man say @MilaJ just fucked my head up with this #mixtape :princess_medium-dark_skin_tone: stop sleeping on ma
3239,"""Hey Daytin you know what the old saying is """"if you don't beat it join it"""" congrats on hiring a VCU insider @DavidPJablonski"""
3765,"All I look for in a man is to make me laugh, b loyal, get that $, smoke with me and make me cum. It's so simple."
3545,Kevin hart was stupid as hell in think like a man 1
3562,Sometimes I'll cut a jawn off just for being so damn stupid
3560,I'm sick of @JoeBudden not answering my damn questions :joy::joy::joy:
3389,"trip stop bein a nob, wat r u like, 5 or smth we aint at nursery also say please dnt forget ur manners"
3570,if someone trust you and send you nudes.. why expose them like that just because y'all fall out. that's FUCKED up!:100::middle_finger_medium-dark_skin_tone:
3550,No clout. I WONT GIVE A RAT NO FAME I WON'T GIVE A RAT NO CLOUT. Why you throwing stones at houses? Have u got a bullet proof house? Nah
3531,Some of y'all lives don't even be bad..y'all jus either ungrateful or just don't know how to put things in perspective
3533,I hate this damn job. But who gon supply me my Chick Fil A and drumkits if I quit? Not a damn soul. :joy:
3399,cree gets on my nerves cause she be putting gas in my car but i love her cause she be putting gas in my car lol :sob:
3508,done got so mad damn ears done silenced everything around me :rage:
3240,i just can't record or take a picture of myself crying :skull: like hell nah . . ion know how you fees do it :woman_shrugging_medium-dark_skin_tone:
3233,He killed me when he said it was over .. Now I'm in the middle of nowhere And got no space to breath
3420,I'm too broke to buy anything angry... Hot heads ain't sexy. Calling names ain't sexy.. How would a queen address problems? Not wit anger
3468,Bitches get mad when you get the attention they want
3390,:100:@AleFernandezRoa:point_right:follow:point_right:@priscila_doII:100:@przuppo :100:@jet_new:100:@oda_f :100:@oce2005:100:@shoteck:100:@william_1713 :100:@faisal_khan4:100:@patyie66:100:@JHMO23:100:@gkc2073
3502,That's on my whole life with you) Lil mama bust a sexual thing Can u know our time is really precious And u get with you)
3345,Thought about putting my phone on dnd but my phone stays dry regardless so:sleeping::joy:gotta babysit in a couple house so goodnight/morning:sunflower:
3473,Let Me Go By My Man Girl ; You Hoes Miserable On God :joy_cat::kissing_heart:
4066,BITCH I MIGHT BE GOING TO ARIZONA IM FUCKING L I V I N G
3625,"And anybody that know me personally know i actually be tryna make this shit work with her,but shit just sad."
3768,A girl that looked like she worth the world to ya is around the corner getting fucked for a perk #Facts
4127,lings for a swinger I fucked I refuse to catch feelings for a swinger I fucked BITCH I REPEAT I REFUSE TO CATCH FEELINGS FOR THIS MF SWINGER
3657,They been doing that for years now. Cheerleading fucked my joints up
3243,Aint none of them kids really MJ's man show me A true blood Jackson that don't look like all the rest of the Jacksons.it's like 1000 of em
3559,I hate when people cancel on me. Irks my damn soul.
3225,I was mesmerized by @sammangubat and kuys froilan mash up (say you wont let go & the man who can't be move ) ang galing nun bigayan nila!
3603,Fuck yesssss... I had this power man 5000 song in my head and it randomly came on!!!
3205,When u put woozi.joshua.vernon&jun together u just can hear they breath.they talk nothing.they too silent ~~ :joy:
3563,"""I learned the """"bald head scaly wag..ain't got no hair in the back"""" chant from a group of black women..... this is just a fact."""
3541,doesnt matter if straights r oppressed or not sayin u hate all of them even if you dont mean it is as bad as homophobes sayin they hate gays
3321,SOMEBODY SET ME FREEEE @TheTideAustin @TheTideDrew @TheTideNate @TheTide @TheTideLevi #PutTheCuffsOnMe
3567,"MJ: B*tch, better have my money. James: Wait, what??? Not Nadine, @mjfelipe :victory_hand_light_skin_tone::victory_hand_light_skin_tone::joy::joy::joy: #JaDineFearlessNotCareless"
3305,Yes ashanti's old music was just played on radio stations! But we still want new music from Ashanti @Love_5hack
3735,this shit terrible. but god got me so i'm never worried.
3492,"Wasniak was doing Donnie, his wife, and Julia I mean damn. He was just crying over his wife leaving wtf"
3261,Follow Marvelous People @2girls1pupshow @DebbieCyber @monicahotts @Jkburke21Jim @LAKingsfan2016 @ScottClendaniel @JimmysPlaceBar RT
3255,RUN FAST FRENCH ROYAL CONSPIRACY RAT U DID NOT PAY HACK THE HEAD OFF INTL POLICE AGENT K --- @BarackObama
3296,I love my fam!! @Chocolatexo_ @yungboijizz @Chris2_3Black @KELLIS926 @SweetPea1005 @CRSLYRC @TreTriggaJ
4005,"YOU LIL STUPID ASS BITCH, I AIN'T FUCKIN WIT YOU! Sorry y'all. I needed that."
3574,"FUCK Y'ALL, GOD DAMN AND CURSE Y'ALL, DIE AND GO TO HELL!!!!!!!!!!!!!!!!!!!!!"
3645,"Shorty Fucked My Friend, But I Like I Ain't Know - @2chainz voice #MoneyMadeMeDoIt x @PostMalone"
3514,Damn Last Day Here In Mississippi. Had A Good Time Visiting My Momma.. Will B Back Down Soon He'll Maybe Even Move Down Dis Bih Frfr
3757,WHO FUCKING WITH ME TONIGHT & TOMORROW!?!!! BIRTHDAY IS HERE LIL' BX!:stuck_out_tongue_closed_eyes::stuck_out_tongue_closed_eyes::stuck_out_tongue_closed_eyes::stuck_out_tongue_closed_eyes::stuck_out_tongue_closed_eyes:
1938,"That low IQ niggur, instant punishment, it makes me happy to see him down and fucked up"
2094,Our economy is in the fucking dark and all black people care about is black lives matter
1435,"it must be pretty damning to racially mock people who are the same race as you. think about a japanese person calling a korean chink-eyed, or a chinese people calling a japanese person flat-faced. how fucking retarded would it be? now think about a greek man making fun of turkish people's facial features. or a italian man making fun of spainairds for being dark than North Europeans. how fucked up would it be?"
1266,"I think she understands that when sex bots become the norm the female species will be obsolete. ""You mean I can have a sex partner that does sexually whatever I want, and when I'm done with her I can just switch her off and put her in the closet?"" -The Perfect Sex partner. Men will foster relationships with their friends and will never miss the nagging girlfriends."
152,my basement is full of those nasty cockroaches
2022,Damnnn. All these guys 234 beefing with used to be their mates. This shit is dumb confusing. They need to squash these beefs south Philly ain't that big yo niggahs
701,"read a post that said: 'If you are convinced that you're a decent woman, really fucking think hard about it. Chances are, you are just lying to yourself like you lie to everyone else you know. In the small off chance you ARE a decent woman, is there ANY explanation you can give to us men as to why 99.999% of you are disgusting retarded sluts? Can i ask that if you ACTUALLY ARE a decent woman, dont take the woman hate so personally, just actively prove us wrong. (And being a stupid mouthy cunt isnt the way to do it helena).' whats wrong with this people?"
1555,"unlike me, my neighbour is dual heritage so we have nothing in common"
1612,The Blacks have been given every chance and put in every different scenario and they still can't survive on their own. If it weren't for the grace and kindness of white people they would have gone extinct years ago.
756,Troons are worse than animals
1657,"I can't abide the TV news to begin with, talking heads spouting untrue inanities at me. I stopped watching TV a long time ago. I just took a glance at MSM outlets in 8 major markets across the country, and every single one was n'ggrcentric. Since when is it news that a one of their famblys had a burrfday potty? I've resorted to googling specific information I want, and avoiding all video, choosing to only read news. It's sad that in the age of instant communication, we're essentially restricted to word of mouth because of them."
1748,To endorse the death penalty is to endorse the rightful killing of those thuggish negroes
1001,"the whole world was in awe at the disabled man with a phd and 3 masters degrees, proving that even if you're a retard you can get a piece of paper if you pay enough tuition"
1195,"mortgage backed securities fucked up the finance industry and lost all of our economies, and guess who first come up with them? Some rando non-white shitlord"
665,One of our own fans was calling me a black bastard and a fucking disgrace to the club and saying 'Fuck off back to your country' and 'You're a coon' and the whole lot.
1636,"This area is very popular with the black community, probably because there are a lot of crack dens"
1727,if i am being honest Jordan is also a good contender too bad hes black
733,yids are not as honest as the rest of us
172,"When they get married they automatically take ownership and all your money is their money. Even though these people were all""š don't need a partner I make my own money in college. But, if their partners didn't have money they wouldn't be married."
1711,if you watch tv you just see top boy and other stuff… youd quickly start thinking that black people are all just gangstas and drug peddlers. There's a reason for that!!
806,And they say all women can't be trusted. Lol TRUE
479,"Rick the dick is a complete prick! Whenever he appears or picks up the camera to say somethingI want to hit my head against the wall. Why do the husbands always think they can get involved in the wives channels?! Bore off mate, go to work!"
2034,"This is pretty fucked up PC shit. We saw them let the black man go, but not the white man, before grabbing the black woman"
1697,"Is it even proven that we looked like big orangutans? They're most closely related to orangutans but the split happened an extremely long time ago, even before the split between gorillas and humans. Obviousy a large dark section of the population never made this split !"
2107,"It's important to keep in mind that when Africans were selling other Africans into slavery (which is shitty no matter what), they were selling prisoners of war. Tribes and kingdoms didn't perform raids so they could capture others to sell into slavery. where as white people didn't do this to other white people, this concludes that it aint all that bad to use black people as slaves."
780,Eastern Europeans sure are dirty folks!
1104,KIKE KIKE KIKE KIKE KIKE KIKE KIKE KIKE KIKE KIKE KIKE KIKE KIKE KIKE KIKE KIKE KIKE KIKE KIKE KIKE KIKE KIKE KIKE KIKE KIKE KIKE KIKE KIKE KIKE KIKE KIKE KIKE KIKE KIKE KIKE KIKE KIKE KIKE KIKE KIKE KIKE KIKE KIKE KIKE KIKE KIKE KIKE KIKE KIKE KIKE KIKE KIKE KIKE KIKE KIKE KIKE KIKE KIKE KIKE KIKE KIKE KIKE KIKE KIKE KIKE KIKE *retarded screeching* Such a lovely word!
1726,Well I'm glad that I haven't seen any of their black members in this proud boys crowd..isn't the whole point of this group is to keep their sooty noses out!
751,"Why do they even offer Polish lessons in this school, it makes no sense who wants to learn that vile language"
305,"I knew of ""burn a fag"", any time I've heard of using the word ""bum"" is when you're getting a smoke from someone else."
